<?xml version="1.0" encoding="UTF-8"?>
<jcr:root xmlns:sling="http://sling.apache.org/jcr/sling/1.0" xmlns:cq="http://www.day.com/jcr/cq/1.0" xmlns:jcr="http://www.jcp.org/jcr/1.0" xmlns:nt="http://www.jcp.org/jcr/nt/1.0"
    jcr:primaryType="cq:Page">
    <jcr:content
        cq:catalogBlueprint="/content/catalogs/geometrixx-outdoors/elasticpath-base-catalog/seasonal/winter/equipment"
        cq:commerceType="section"
        cq:lastModified="{Date}2014-12-09T15:11:38.886-08:00"
        cq:lastModifiedBy="admin"
        cq:lastRolledout="{Date}2014-12-09T15:11:38.898-08:00"
        cq:lastRolledoutBy="admin"
        cq:template="/apps/geometrixx-outdoors/templates/page_sidebar"
        jcr:mixinTypes="[cq:LiveSync]"
        jcr:primaryType="cq:PageContent"
        jcr:title="Equipment"
        sling:resourceType="geometrixx-outdoors/components/page_sidebar">
        <par
            cq:lastRolledout="{Date}2014-12-09T15:11:38.892-08:00"
            cq:lastRolledoutBy="admin"
            jcr:mixinTypes="[cq:LiveRelationship]"
            jcr:primaryType="nt:unstructured"
            sling:resourceType="foundation/components/parsys">
            <banner
                cq:lastRolledout="{Date}2014-12-09T15:11:38.894-08:00"
                cq:lastRolledoutBy="admin"
                jcr:mixinTypes="[cq:LiveRelationship]"
                jcr:primaryType="nt:unstructured"
                sling:resourceType="foundation/components/image"
                fileReference="/content/dam/geometrixx-outdoors/banners/snowboard-action.jpg"/>
            <nav_products
                cq:lastRolledout="{Date}2014-12-09T15:11:38.894-08:00"
                cq:lastRolledoutBy="admin"
                jcr:mixinTypes="[cq:LiveRelationship]"
                jcr:primaryType="nt:unstructured"
                sling:resourceType="geometrixx-outdoors/components/nav_products"
                displayAs="product"
                listFrom="descendants"
                orderBy="jcr:title"/>
        </par>
        <sidebar
            cq:lastRolledout="{Date}2014-12-09T15:11:38.895-08:00"
            cq:lastRolledoutBy="admin"
            jcr:mixinTypes="[cq:LiveRelationship]"
            jcr:primaryType="nt:unstructured"
            sling:resourceType="foundation/components/parsys">
            <title
                cq:lastRolledout="{Date}2014-12-09T15:11:38.897-08:00"
                cq:lastRolledoutBy="admin"
                jcr:mixinTypes="[cq:LiveRelationship]"
                jcr:primaryType="nt:unstructured"
                sling:resourceType="geometrixx-outdoors/components/title"/>
            <list
                cq:lastRolledout="{Date}2014-12-09T15:11:38.897-08:00"
                cq:lastRolledoutBy="admin"
                jcr:mixinTypes="[cq:LiveRelationship]"
                jcr:primaryType="nt:unstructured"
                sling:resourceType="geometrixx/components/list"
                listFrom="children"/>
        </sidebar>
        <cq:LiveSyncConfig
            cq:isDeep="{Boolean}false"
            cq:master="/content/catalogs/geometrixx-outdoors/template-pages/section-page-template"
            cq:rolloutConfigs="[/etc/msm/rolloutconfigs/catalogpagecontent,/etc/msm/rolloutconfigs/catalogrollouthooks]"
            jcr:primaryType="cq:LiveSyncConfig"/>
    </jcr:content>
    <kawartha-snow/>
    <calgary-winter/>
    <edmonton-winter/>
    <mont-tremblant/>
    <fernie-snow/>
    <whistler-snow/>
    <banff-snow/>
    <saskatoon-parka/>
    <kamloops-snow/>
    <blackcomb-snow/>
    <kelowna-snow/>
    <tobermory-snow/>
</jcr:root>
