<?xml version="1.0" encoding="UTF-8"?>
<jcr:root xmlns:sling="http://sling.apache.org/jcr/sling/1.0" xmlns:cq="http://www.day.com/jcr/cq/1.0" xmlns:jcr="http://www.jcp.org/jcr/1.0" xmlns:mix="http://www.jcp.org/jcr/mix/1.0" xmlns:nt="http://www.jcp.org/jcr/nt/1.0"
    jcr:primaryType="cq:Page">
    <jcr:content
        cq:lastModified="{Date}2012-01-23T11:05:28.592+01:00"
        cq:lastModifiedBy="admin"
        cq:template="/libs/commerce/templates/section"
        jcr:isCheckedOut="{Boolean}true"
        jcr:mixinTypes="[mix:versionable]"
        jcr:primaryType="cq:PageContent"
        jcr:title="Women's"
        jcr:uuid="9e84adc9-372e-42ad-ab68-37403c91a0ef"
        sling:resourceType="commerce/components/section">
        <target
            jcr:primaryType="nt:unstructured"
            jcr_title="Women's">
            <par jcr:primaryType="nt:unstructured">
                <banner
                    jcr:primaryType="nt:unstructured"
                    fileReference="/content/dam/geometrixx-outdoors/banners/cool-and-stylish.jpg"/>
            </par>
        </target>
    </jcr:content>
    <coats/>
    <pants/>
    <shirts/>
    <shorts/>
</jcr:root>
