<?xml version="1.0" encoding="UTF-8"?>
<jcr:root xmlns:sling="http://sling.apache.org/jcr/sling/1.0" xmlns:jcr="http://www.jcp.org/jcr/1.0" xmlns:nt="http://www.jcp.org/jcr/nt/1.0"
    jcr:primaryType="sling:OrderedFolder">
    <footwear/>
    <shirt/>
    <shorts/>
    <gloves/>
    <pancho/>
    <coat/>
    <glasses/>
    <pants/>
    <jcr:content jcr:primaryType="nt:unstructured">
        <folderThumbnail/>
    </jcr:content>
    <equipment/>
    <helmet/>
    <hat/>
    <scarf/>
    <swimming/>
</jcr:root>
