<?xml version="1.0" encoding="UTF-8"?>
<jcr:root xmlns:sling="http://sling.apache.org/jcr/sling/1.0" xmlns:jcr="http://www.jcp.org/jcr/1.0" xmlns:nt="http://www.jcp.org/jcr/nt/1.0"
    jcr:primaryType="sling:OrderedFolder">
    <Whistler.jpg/>
    <Lagos.jpg/>
    <Lake_x0020_Titicaca_x0020_Blue.jpg/>
    <Lake_x0020_Titicaca_x0020_Orange.jpg/>
    <Sparrow.jpg/>
    <Longirod.jpg/>
    <Cajamara.jpg/>
    <Davos.jpg/>
    <jcr:content jcr:primaryType="nt:unstructured">
        <folderThumbnail/>
    </jcr:content>
</jcr:root>
