<?xml version="1.0" encoding="UTF-8"?>
<jcr:root xmlns:sling="http://sling.apache.org/jcr/sling/1.0" xmlns:cq="http://www.day.com/jcr/cq/1.0" xmlns:jcr="http://www.jcp.org/jcr/1.0" xmlns:mix="http://www.jcp.org/jcr/mix/1.0" xmlns:nt="http://www.jcp.org/jcr/nt/1.0"
    jcr:primaryType="cq:Page">
    <jcr:content
        cq:lastModified="{Date}2012-12-11T18:39:35.132-05:00"
        cq:lastModifiedBy="admin"
        cq:template="/apps/geometrixx-outdoors/templates/page"
        jcr:isCheckedOut="{Boolean}true"
        jcr:mixinTypes="[mix:versionable]"
        jcr:primaryType="cq:PageContent"
        jcr:title="Badges"
        jcr:uuid="f0a387bf-88a9-4150-9cee-36fb28c7371c"
        sling:resourceType="geometrixx-outdoors/components/page"
        hideInNav="{Boolean}true">
        <par
            jcr:primaryType="nt:unstructured"
            sling:resourceType="foundation/components/parsys">
            <text_4377
                jcr:created="{Date}2012-07-12T23:58:06.951-07:00"
                jcr:createdBy="admin"
                jcr:lastModified="{Date}2012-07-13T01:05:05.566-07:00"
                jcr:lastModifiedBy="admin"
                jcr:primaryType="nt:unstructured"
                sling:resourceType="foundation/components/text"
                text="&lt;p>&lt;b>&lt;i>&lt;u>Available Badges&lt;/u>&lt;/i>&lt;/b>&lt;/p>&#xa;&lt;p>&lt;/p>&#xa;"
                textIsRich="true"/>
            <colctrl_b247
                jcr:created="{Date}2012-07-12T23:58:41.998-07:00"
                jcr:createdBy="admin"
                jcr:lastModified="{Date}2012-07-12T23:58:41.998-07:00"
                jcr:lastModifiedBy="admin"
                jcr:primaryType="nt:unstructured"
                sling:resourceType="geometrixx-outdoors/components/colctrl"
                controlType="start"
                layout="3;colctrl-3c"/>
            <textimage_5884
                jcr:created="{Date}2012-07-12T23:59:04.495-07:00"
                jcr:createdBy="admin"
                jcr:lastModified="{Date}2012-12-11T18:39:35.123-05:00"
                jcr:lastModifiedBy="admin"
                jcr:primaryType="nt:unstructured"
                sling:resourceType="foundation/components/textimage"
                text="&lt;p>&amp;nbsp;&lt;/p>&#xa;&lt;p>&amp;nbsp;&lt;/p>&#xa;"
                textIsRich="true">
                <image
                    jcr:lastModified="{Date}2012-12-11T18:39:35.123-05:00"
                    jcr:lastModifiedBy="admin"
                    jcr:primaryType="nt:unstructured"
                    jcr:title="Gold"
                    sling:resourceType="foundation/components/image"
                    alt="Gold"
                    height="50"
                    imageRotate="0"
                    linkURL="/content/geometrixx-outdoors/en_US/badges/gold"
                    width="50">
                    <file/>
                </image>
            </textimage_5884>
            <col_break13421627219990
                jcr:primaryType="nt:unstructured"
                sling:resourceType="geometrixx-outdoors/components/colctrl"
                controlType="break"/>
            <textimage_d410
                jcr:created="{Date}2012-07-12T23:53:15.183-07:00"
                jcr:createdBy="admin"
                jcr:lastModified="{Date}2012-12-11T18:36:00.383-05:00"
                jcr:lastModifiedBy="admin"
                jcr:primaryType="nt:unstructured"
                sling:resourceType="foundation/components/textimage"
                text="&lt;p>&amp;nbsp;&lt;/p>&#xa;&lt;p>&amp;nbsp;&lt;/p>&#xa;"
                textIsRich="true">
                <image
                    jcr:lastModified="{Date}2012-12-11T18:36:00.383-05:00"
                    jcr:lastModifiedBy="admin"
                    jcr:primaryType="nt:unstructured"
                    jcr:title="Silver"
                    sling:resourceType="foundation/components/image"
                    alt="Silver"
                    height="50"
                    imageRotate="0"
                    linkURL="/content/geometrixx-outdoors/en_US/badges/silver"
                    width="50">
                    <file/>
                </image>
            </textimage_d410>
            <col_break13421627219991
                jcr:primaryType="nt:unstructured"
                sling:resourceType="geometrixx-outdoors/components/colctrl"
                controlType="break"/>
            <textimage_6dc5
                jcr:created="{Date}2012-07-12T23:48:52.899-07:00"
                jcr:createdBy="admin"
                jcr:lastModified="{Date}2012-12-11T18:36:19.426-05:00"
                jcr:lastModifiedBy="admin"
                jcr:primaryType="nt:unstructured"
                sling:resourceType="foundation/components/textimage"
                text="&lt;p>&amp;nbsp;&lt;/p>&#xa;&lt;p>&amp;nbsp;&lt;/p>&#xa;"
                textIsRich="true">
                <image
                    jcr:lastModified="{Date}2012-12-11T18:36:19.426-05:00"
                    jcr:lastModifiedBy="admin"
                    jcr:primaryType="nt:unstructured"
                    jcr:title="Bronze"
                    sling:resourceType="foundation/components/image"
                    alt="Bronze"
                    height="50"
                    imageRotate="0"
                    linkURL="/content/geometrixx-outdoors/en_US/badges/bronze"
                    width="50">
                    <file/>
                </image>
            </textimage_6dc5>
            <col_end13421627219992
                jcr:primaryType="nt:unstructured"
                sling:resourceType="geometrixx-outdoors/components/colctrl"
                controlType="end"/>
        </par>
    </jcr:content>
    <gold/>
    <silver/>
    <bronze/>
</jcr:root>
