<?xml version="1.0" encoding="UTF-8"?>
<jcr:root xmlns:sling="http://sling.apache.org/jcr/sling/1.0" xmlns:cq="http://www.day.com/jcr/cq/1.0" xmlns:jcr="http://www.jcp.org/jcr/1.0" xmlns:mix="http://www.jcp.org/jcr/mix/1.0" xmlns:nt="http://www.jcp.org/jcr/nt/1.0"
    jcr:primaryType="cq:Page">
    <jcr:content
        cq:lastModified="{Date}2012-01-23T11:05:28.592+01:00"
        cq:lastModifiedBy="admin"
        cq:template="/libs/commerce/templates/section"
        jcr:isCheckedOut="{Boolean}true"
        jcr:mixinTypes="[mix:versionable]"
        jcr:primaryType="cq:PageContent"
        jcr:title="Equipment"
        jcr:uuid="8c3493f9-e89a-4b4d-83bd-5f81aa799b3b"
        sling:resourceType="commerce/components/section">
        <target
            jcr:primaryType="nt:unstructured"
            jcr_title="Equipment">
            <par jcr:primaryType="nt:unstructured">
                <banner
                    jcr:primaryType="nt:unstructured"
                    fileReference="/content/dam/geometrixx-outdoors/banners/snowboard-action.jpg"/>
            </par>
        </target>
    </jcr:content>
    <biking/>
    <hiking/>
    <running/>
    <skiing/>
    <sunglasses/>
    <surfing/>
    <swimming/>
</jcr:root>
