<?xml version="1.0" encoding="UTF-8"?>
<jcr:root xmlns:sling="http://sling.apache.org/jcr/sling/1.0" xmlns:cq="http://www.day.com/jcr/cq/1.0" xmlns:jcr="http://www.jcp.org/jcr/1.0" xmlns:nt="http://www.jcp.org/jcr/nt/1.0"
    jcr:primaryType="cq:Page">
    <jcr:content
        cq:lastModified="{Date}2012-12-18T18:02:36.663+01:00"
        cq:lastModifiedBy="admin"
        cq:template="/apps/geometrixx-outdoors/templates/page_sidebar"
        jcr:primaryType="cq:PageContent"
        jcr:title="The Team"
        sling:resourceType="/apps/geometrixx-outdoors/components/page_company_sidebar_left">
        <par
            jcr:primaryType="nt:unstructured"
            sling:resourceType="foundation/components/parsys">
            <textimage_70f8
                jcr:created="{Date}2012-12-18T17:18:14.582+01:00"
                jcr:createdBy="admin"
                jcr:lastModified="{Date}2012-12-18T17:37:57.772+01:00"
                jcr:lastModifiedBy="admin"
                jcr:primaryType="nt:unstructured"
                sling:resourceType="foundation/components/textimage"
                text="&lt;p>&lt;b>Frank Woodward&lt;/b> Partner&lt;/p>&#xa;"
                textIsRich="true">
                <image
                    jcr:lastModified="{Date}2012-12-18T17:37:57.772+01:00"
                    jcr:lastModifiedBy="admin"
                    jcr:primaryType="nt:unstructured"
                    sling:resourceType="foundation/components/image"
                    imageRotate="0">
                    <file/>
                </image>
            </textimage_70f8>
            <textimage_ff38
                jcr:created="{Date}2012-12-18T17:18:13.165+01:00"
                jcr:createdBy="admin"
                jcr:lastModified="{Date}2012-12-18T17:37:52.754+01:00"
                jcr:lastModifiedBy="admin"
                jcr:primaryType="nt:unstructured"
                sling:resourceType="foundation/components/textimage"
                text="&lt;p>&lt;b>Michaele Lockhart &lt;/b>Partner&lt;/p>&#xa;"
                textIsRich="true">
                <image
                    jcr:lastModified="{Date}2012-12-18T17:37:52.754+01:00"
                    jcr:lastModifiedBy="admin"
                    jcr:primaryType="nt:unstructured"
                    sling:resourceType="foundation/components/image"
                    imageRotate="0">
                    <file/>
                </image>
            </textimage_ff38>
            <textimage_97a5
                jcr:created="{Date}2012-12-18T17:18:11.478+01:00"
                jcr:createdBy="admin"
                jcr:lastModified="{Date}2012-12-18T18:02:36.652+01:00"
                jcr:lastModifiedBy="admin"
                jcr:primaryType="nt:unstructured"
                sling:resourceType="foundation/components/textimage"
                text="&lt;p>&lt;b>Barbara Scott&lt;/b> Partner&lt;/p>&#xa;"
                textIsRich="true">
                <image
                    jcr:lastModified="{Date}2012-12-18T18:02:36.652+01:00"
                    jcr:lastModifiedBy="admin"
                    jcr:primaryType="nt:unstructured"
                    sling:resourceType="foundation/components/image"
                    imageRotate="0">
                    <file/>
                </image>
            </textimage_97a5>
            <textimage_a76e
                jcr:created="{Date}2012-12-18T17:18:10.174+01:00"
                jcr:createdBy="admin"
                jcr:lastModified="{Date}2012-12-18T17:37:41.514+01:00"
                jcr:lastModifiedBy="admin"
                jcr:primaryType="nt:unstructured"
                sling:resourceType="foundation/components/textimage"
                text="&lt;p>&lt;b>Nathan Mitchell&lt;/b> Product Manager&lt;/p>&#xa;"
                textIsRich="true">
                <image
                    jcr:lastModified="{Date}2012-12-18T17:37:41.514+01:00"
                    jcr:lastModifiedBy="admin"
                    jcr:primaryType="nt:unstructured"
                    sling:resourceType="foundation/components/image"
                    imageRotate="0">
                    <file/>
                </image>
            </textimage_a76e>
            <textimage_ee67
                jcr:created="{Date}2012-12-18T17:18:08.750+01:00"
                jcr:createdBy="admin"
                jcr:lastModified="{Date}2012-12-18T17:38:12.053+01:00"
                jcr:lastModifiedBy="admin"
                jcr:primaryType="nt:unstructured"
                sling:resourceType="foundation/components/textimage"
                text="&lt;p>&lt;b>James Marble&lt;/b> Product Buyer&lt;/p>&#xa;"
                textIsRich="true">
                <image
                    jcr:lastModified="{Date}2012-12-18T17:38:12.053+01:00"
                    jcr:lastModifiedBy="admin"
                    jcr:primaryType="nt:unstructured"
                    sling:resourceType="foundation/components/image"
                    imageRotate="0">
                    <file/>
                </image>
            </textimage_ee67>
            <textimage_f9ea
                jcr:created="{Date}2012-12-18T17:18:06.585+01:00"
                jcr:createdBy="admin"
                jcr:lastModified="{Date}2012-12-18T17:38:24.293+01:00"
                jcr:lastModifiedBy="admin"
                jcr:primaryType="nt:unstructured"
                sling:resourceType="foundation/components/textimage"
                text="&lt;p>&lt;b>Ashley McLaughlin&lt;/b> CFO&lt;/p>&#xa;"
                textIsRich="true">
                <image
                    jcr:lastModified="{Date}2012-12-18T17:38:24.293+01:00"
                    jcr:lastModifiedBy="admin"
                    jcr:primaryType="nt:unstructured"
                    sling:resourceType="foundation/components/image"
                    imageRotate="0">
                    <file/>
                </image>
            </textimage_f9ea>
        </par>
        <sidebar
            jcr:lastModified="{Date}2012-11-20T18:27:48.765+01:00"
            jcr:lastModifiedBy="admin"
            jcr:primaryType="nt:unstructured"
            sling:resourceType="foundation/components/iparsys"
            inheritance="cancel">
            <iparsys_fake_par
                jcr:primaryType="nt:unstructured"
                sling:resourceType="foundation/components/iparsys/par"/>
            <title_8282
                jcr:created="{Date}2012-12-18T17:17:53.314+01:00"
                jcr:createdBy="admin"
                jcr:lastModified="{Date}2012-12-18T17:17:53.314+01:00"
                jcr:lastModifiedBy="admin"
                jcr:primaryType="nt:unstructured"
                sling:resourceType="geometrixx/components/title"/>
            <text_107a
                jcr:created="{Date}2012-12-18T12:38:15.115+01:00"
                jcr:createdBy="admin"
                jcr:lastModified="{Date}2012-12-18T17:30:05.348+01:00"
                jcr:lastModifiedBy="admin"
                jcr:primaryType="nt:unstructured"
                sling:resourceType="foundation/components/text"
                text="&lt;p>We are a constantly growing and evolving team of dedicated professionals who strive to provide innovative, high quality products. From our founding partners on down, we maintain a culture that celebrates the great outdoors and we work hard to make sure that this is reflected in all we do. Many of our employees come back from their lunch breaks dirty and sweaty from running a trail or hitting the slopes, and we couldn’t be happier.&lt;/p>&#xa;&lt;p>We hope you enjoy your time at Geometrixx Outdoors, and we are always excited to hear from you. Please stop by our communities and blogs where you can ask any questions you have and tell us all about your spirit for adventure.&amp;nbsp;&lt;/p>&#xa;"
                textIsRich="true"/>
        </sidebar>
        <toggle
            jcr:created="{Date}2010-11-30T09:53:36.661+01:00"
            jcr:createdBy="admin"
            jcr:lastModified="{Date}2012-09-21T09:25:54.422-07:00"
            jcr:lastModifiedBy="admin"
            jcr:primaryType="nt:unstructured"
            sling:resourceType="social/commons/components/toggle"
            confirmationMessageToggle="&lt;p>Your request have been successfully sent.&lt;br>&#xa;&lt;/p>&#xa;"
            confirmationMessageUntoggle="&lt;p>Your request have been successfully sent.&lt;br>&#xa;&lt;/p>&#xa;"
            stateProvider="/libs/social/group/components/stateproviders/join"
            toggleLabel="Leave"
            toggleWorkflowModel="/etc/workflow/models/social/group/join-community/jcr:content/model"
            transitionLabel="Leave/Join in progress"
            untoggleLabel="Join"
            untoggleWorkflowModel="/etc/workflow/models/social/group/leave-community/jcr:content/model"/>
        <campaign-banner
            jcr:primaryType="nt:unstructured"
            sling:resourceType="foundation/components/parsys">
            <image_6644
                jcr:created="{Date}2012-11-20T16:49:51.021+01:00"
                jcr:createdBy="admin"
                jcr:lastModified="{Date}2012-11-20T16:50:20.386+01:00"
                jcr:lastModifiedBy="admin"
                jcr:primaryType="nt:unstructured"
                jcr:title="Geometrixx"
                sling:resourceType="foundation/components/image"
                alt="Geometrixx"
                imageRotate="0">
                <file/>
            </image_6644>
        </campaign-banner>
    </jcr:content>
</jcr:root>
