<?xml version="1.0" encoding="UTF-8"?>
<jcr:root xmlns:sling="http://sling.apache.org/jcr/sling/1.0" xmlns:cq="http://www.day.com/jcr/cq/1.0" xmlns:jcr="http://www.jcp.org/jcr/1.0" xmlns:nt="http://www.jcp.org/jcr/nt/1.0" xmlns:rep="internal"
    jcr:mixinTypes="[rep:AccessControllable]"
    jcr:primaryType="cq:Page">
    <rep:policy/>
    <jcr:content
        cq:lastModified="{Date}2013-05-06T16:13:06.109-04:00"
        cq:lastModifiedBy="admin"
        cq:template="/apps/geometrixx-outdoors/templates/page"
        jcr:description="Share your love for killer winter sports adventures, and pick up on a few tips while you’re at it."
        jcr:primaryType="cq:PageContent"
        jcr:title="Winter Sports"
        sling:resourceType="geometrixx-outdoors/components/page_community"
        admingroup=" /home/groups/geometrixx/communities/winter-sports-admins"
        detailDescription="Welcome to the winter sports community, where triple digit snow pack and single digit temperatures are always welcome. From carving the side of the mountain to strapping on snowshoes and setting out in fresh powder for some of the most amazing views mother nature has to offer, one thing always matters most: equipment is everything. Whether you are looking for the best boots on the market or would like to perfect the art of layering, this community is here to help. By far, the best way to enjoy winter sports and stay warm and safe while you do is to pick the brains of your fellow cold weather enthusiasts. I hope the forum and journal entries will help you connect with others and walk away a veritable master of the cold. "
        landingPageContent="forum"
        membergroup=" /home/groups/geometrixx/communities/winter-sports-members"
        pageTitle="Winter Sports">
        <par
            jcr:primaryType="nt:unstructured"
            sling:resourceType="foundation/components/parsys"/>
        <statustoggle
            jcr:created="{Date}2010-11-30T09:53:36.661+01:00"
            jcr:createdBy="admin"
            jcr:lastModified="{Date}2012-08-29T15:03:00.221-07:00"
            jcr:lastModifiedBy="admin"
            jcr:primaryType="nt:unstructured"
            sling:resourceType="social/commons/components/toggle"
            confirmationMessageToggle="&lt;p>&lt;/p>"
            confirmationMessageUntoggle="&lt;p>&lt;/p>"
            stateProvider="/libs/social/group/components/stateproviders/join"
            toggleLabel="Leave"
            toggleWorkflowModel="/etc/workflow/models/social/group/join-community/jcr:content/model"
            transitionLabel="Your request in progress"
            untoggleLabel="Join"
            untoggleWorkflowModel="/etc/workflow/models/social/group/leave-community/jcr:content/model"/>
        <sidebar
            jcr:lastModified="{Date}2012-12-17T12:19:06.858+01:00"
            jcr:lastModifiedBy="admin"
            jcr:primaryType="nt:unstructured"
            sling:resourceType="foundation/components/iparsys"
            inheritance="cancel">
            <iparsys_fake_par
                jcr:primaryType="nt:unstructured"
                sling:resourceType="foundation/components/iparsys/par"/>
            <topforumtopics_57f2
                jcr:created="{Date}2012-12-17T12:20:47.840+01:00"
                jcr:createdBy="admin"
                jcr:lastModified="{Date}2012-12-17T12:20:47.840+01:00"
                jcr:lastModifiedBy="admin"
                jcr:primaryType="nt:unstructured"
                sling:resourceType="geometrixx-outdoors/components/social/analytics/components/topforumtopics"
                requesttype="synchronous"
                title="Top Forum Topics">
                <report jcr:primaryType="nt:unstructured">
                    <thirtyday/>
                </report>
            </topforumtopics_57f2>
            <topusers_b6c4
                jcr:created="{Date}2012-12-17T12:21:33.259+01:00"
                jcr:createdBy="admin"
                jcr:lastModified="{Date}2012-12-17T12:21:44.799+01:00"
                jcr:lastModifiedBy="admin"
                jcr:primaryType="nt:unstructured"
                sling:resourceType="geometrixx-outdoors/components/social/analytics/components/topusers"
                requesttype="synchronous"
                title="Top Members">
                <report
                    jcr:primaryType="nt:unstructured"
                    interval="{Long}3600"
                    source="screport:default">
                    <thirtyday/>
                </report>
            </topusers_b6c4>
            <useractivities_21f6
                jcr:created="{Date}2013-05-06T16:12:39.675-04:00"
                jcr:createdBy="admin"
                jcr:lastModified="{Date}2013-05-06T16:13:06.106-04:00"
                jcr:lastModifiedBy="admin"
                jcr:primaryType="nt:unstructured"
                sling:resourceType="geometrixx-outdoors/components/social/activitystreams/communitystreams/useractivities"
                maxNbActivities="3"
                title="ACTIVITY STREAM"/>
        </sidebar>
    </jcr:content>
    <forum/>
    <journal/>
    <activity/>
    <members/>
    <about/>
    <photos/>
</jcr:root>
