<?xml version="1.0" encoding="UTF-8"?>
<jcr:root xmlns:sling="http://sling.apache.org/jcr/sling/1.0" xmlns:cq="http://www.day.com/jcr/cq/1.0" xmlns:jcr="http://www.jcp.org/jcr/1.0" xmlns:nt="http://www.jcp.org/jcr/nt/1.0"
    jcr:primaryType="cq:Page">
    <cajamara-biking/>
    <jola-summer-surfing/>
    <nairobi-runners-running/>
    <whistler-snow-skiing/>
    <jcr:content
        cq:commerceType="section"
        cq:template="/apps/geometrixx-outdoors/templates/page_sidebar"
        jcr:primaryType="cq:PageContent"
        jcr:title="Activities"
        sling:resourceType="geometrixx-outdoors/components/page_sidebar">
        <par
            jcr:primaryType="nt:unstructured"
            sling:resourceType="foundation/components/parsys">
            <banner
                jcr:primaryType="nt:unstructured"
                sling:resourceType="foundation/components/image"
                fileReference="/content/dam/geometrixx-outdoors/banners/snowboard-action.jpg"/>
        </par>
        <sidebar
            jcr:primaryType="nt:unstructured"
            sling:resourceType="foundation/components/parsys">
            <title
                jcr:primaryType="nt:unstructured"
                sling:resourceType="geometrixx-outdoors/components/title"/>
            <list
                jcr:primaryType="nt:unstructured"
                sling:resourceType="geometrixx/components/list"
                listFrom="children"/>
        </sidebar>
    </jcr:content>
    <cuzco-hiking/>
</jcr:root>
