<?xml version="1.0" encoding="UTF-8"?>
<jcr:root xmlns:sling="http://sling.apache.org/jcr/sling/1.0" xmlns:cq="http://www.day.com/jcr/cq/1.0" xmlns:jcr="http://www.jcp.org/jcr/1.0" xmlns:nt="http://www.jcp.org/jcr/nt/1.0" xmlns:rep="internal"
    jcr:mixinTypes="[rep:AccessControllable]"
    jcr:primaryType="cq:Page">
    <rep:policy/>
    <jcr:content
        cq:lastModified="{Date}2013-01-08T17:27:43.252-05:00"
        cq:lastModifiedBy="admin"
        cq:template="/apps/geometrixx-outdoors/templates/page"
        jcr:description="Need a running mate? Looking for the perfect shoes or a new diet? Join the running community to connect with others and find upcoming events."
        jcr:primaryType="cq:PageContent"
        jcr:title="Running"
        sling:resourceType="geometrixx-outdoors/components/page_community"
        admingroup="/home/groups/geometrixx/communities/running-admins"
        detailDescription="Sometimes the only people who can truly understand a runner are other runners. For some, 26.2 is just another number, but for others its what we live for every day—this is why I’ve created the running community. Even if it isn’t your goal to run through cramps and fatigue for upwards of five hours straight, I promise this forum is still for you. If you are interested in finding a running group, learning more about pronation and the art of choosing the perfect running shoe, finding the best hydration and recovery techniques, or would simply like to connect with other who enjoy one of the oldest sports in history as much as you do, then I’m confident you’ll enjoy yourself here."
        landingPageContent="calendar"
        membergroup=" /home/groups/geometrixx/communities/running-members"
        pageTitle="Running">
        <par
            jcr:primaryType="nt:unstructured"
            sling:resourceType="foundation/components/parsys"/>
        <statustoggle
            jcr:created="{Date}2010-11-30T09:53:36.661+01:00"
            jcr:createdBy="admin"
            jcr:lastModified="{Date}2012-08-29T15:03:00.221-07:00"
            jcr:lastModifiedBy="admin"
            jcr:primaryType="nt:unstructured"
            sling:resourceType="social/commons/components/toggle"
            confirmationMessageToggle="&lt;p>&lt;/p>"
            confirmationMessageUntoggle="&lt;p>&lt;/p>"
            stateProvider="/libs/social/group/components/stateproviders/join"
            toggleLabel="Leave"
            toggleWorkflowModel="/etc/workflow/models/social/group/join-community/jcr:content/model"
            transitionLabel="Your request in progress"
            untoggleLabel="Join"
            untoggleWorkflowModel="/etc/workflow/models/social/group/leave-community/jcr:content/model"/>
        <sidebar
            jcr:lastModified="{Date}2012-12-17T12:02:08.188+01:00"
            jcr:lastModifiedBy="admin"
            jcr:primaryType="nt:unstructured"
            sling:resourceType="foundation/components/iparsys"
            inheritance="cancel">
            <trendingquestions_54
                jcr:created="{Date}2013-01-08T16:07:01.086-08:00"
                jcr:createdBy="admin"
                jcr:lastModified="{Date}2013-01-08T16:07:01.086-08:00"
                jcr:lastModifiedBy="admin"
                jcr:primaryType="nt:unstructured"
                sling:resourceType="geometrixx-outdoors/components/social/analytics/components/trendingquestions"
                requesttype="synchronous"
                title="Trending Questions">
                <report jcr:primaryType="nt:unstructured">
                    <thirtyday/>
                </report>
            </trendingquestions_54>
            <useractivities_886
                jcr:created="{Date}2013-01-08T17:27:21.936-05:00"
                jcr:createdBy="admin"
                jcr:lastModified="{Date}2013-01-08T17:27:43.248-05:00"
                jcr:lastModifiedBy="admin"
                jcr:primaryType="nt:unstructured"
                sling:resourceType="geometrixx-outdoors/components/social/activitystreams/communitystreams/useractivities"
                maxNbActivities="3"
                title="ACTIVITY STREAM"/>
            <topusers_e777
                jcr:created="{Date}2012-12-17T11:10:25.471+01:00"
                jcr:createdBy="admin"
                jcr:lastModified="{Date}2012-12-17T11:10:25.471+01:00"
                jcr:lastModifiedBy="admin"
                jcr:primaryType="nt:unstructured"
                sling:resourceType="geometrixx-outdoors/components/social/analytics/components/topusers"
                requesttype="synchronous"
                title="Top Members">
                <report jcr:primaryType="nt:unstructured">
                    <thirtyday/>
                </report>
            </topusers_e777>
            <iparsys_fake_par
                jcr:primaryType="nt:unstructured"
                sling:resourceType="foundation/components/iparsys/par"/>
        </sidebar>
    </jcr:content>
    <calendar/>
    <questions/>
    <activity/>
    <members/>
    <about/>
    <photos/>
</jcr:root>
