<?xml version="1.0" encoding="UTF-8"?>
<jcr:root xmlns:sling="http://sling.apache.org/jcr/sling/1.0" xmlns:cq="http://www.day.com/jcr/cq/1.0" xmlns:jcr="http://www.jcp.org/jcr/1.0" xmlns:mix="http://www.jcp.org/jcr/mix/1.0" xmlns:nt="http://www.jcp.org/jcr/nt/1.0"
    jcr:primaryType="cq:Page">
    <jcr:content
        cq:lastModified="{Date}2012-06-08T10:21:59.018-07:00"
        cq:lastModifiedBy="admin"
        cq:template="/libs/social/blog/templates/page"
        jcr:description="Discover the limitless world of Geometrixx Outdoors."
        jcr:isCheckedOut="{Boolean}true"
        jcr:mixinTypes="[mix:versionable]"
        jcr:primaryType="cq:PageContent"
        jcr:title="Unlimited Blog"
        jcr:uuid="dea197d2-79c8-4bbf-87e7-bd795743795e"
        sling:resourceType="geometrixx-outdoors/components/social/journal/page-company">
        <blog jcr:primaryType="nt:unstructured">
            <entries
                jcr:lastModified="{Date}2010-01-19T16:51:39.181-05:00"
                jcr:lastModifiedBy="admin"
                jcr:primaryType="nt:unstructured"
                sling:resourceType="social/blog/components/entrylist"
                limit="10"
                pageMax="4"/>
        </blog>
        <sidebar
            jcr:primaryType="nt:unstructured"
            sling:resourceType="foundation/components/iparsys">
            <topblogposts_4d49
                jcr:created="{Date}2013-01-07T17:25:52.147-08:00"
                jcr:createdBy="admin"
                jcr:lastModified="{Date}2013-01-07T17:25:52.147-08:00"
                jcr:lastModifiedBy="admin"
                jcr:primaryType="nt:unstructured"
                sling:resourceType="geometrixx-outdoors/components/social/analytics/components/topblogposts"
                requesttype="synchronous"
                title="Top Blog Posts">
                <report jcr:primaryType="nt:unstructured">
                    <thirtyday/>
                </report>
            </topblogposts_4d49>
        </sidebar>
    </jcr:content>
    <_x0032_011/>
    <_x0032_012/>
</jcr:root>
