<?xml version="1.0" encoding="UTF-8"?>
<jcr:root xmlns:sling="http://sling.apache.org/jcr/sling/1.0" xmlns:cq="http://www.day.com/jcr/cq/1.0" xmlns:jcr="http://www.jcp.org/jcr/1.0" xmlns:nt="http://www.jcp.org/jcr/nt/1.0"
    jcr:primaryType="nt:unstructured"
    jcr:title="Shopping Cart"
    sling:resourceType="cq/gui/components/authoring/dialog">
    <content
        jcr:primaryType="nt:unstructured"
        sling:resourceType="granite/ui/components/foundation/container">
        <layout
            jcr:primaryType="nt:unstructured"
            sling:resourceType="granite/ui/components/foundation/layouts/tabs"
            type="nav"/>
        <items jcr:primaryType="nt:unstructured">
            <options
                jcr:primaryType="nt:unstructured"
                jcr:title="Options"
                sling:resourceType="granite/ui/components/foundation/section">
                <layout
                    jcr:primaryType="nt:unstructured"
                    sling:resourceType="granite/ui/components/foundation/layouts/fixedcolumns"
                    margin="{Boolean}false"/>
                <items jcr:primaryType="nt:unstructured">
                    <column
                        jcr:primaryType="nt:unstructured"
                        sling:resourceType="granite/ui/components/foundation/container">
                        <items jcr:primaryType="nt:unstructured">
                            <show-title
                                jcr:primaryType="nt:unstructured"
                                sling:resourceType="granite/ui/components/foundation/form/checkbox"
                                name="./showTitle"
                                text="Hide Title"
                                value="false"/>
                            <show-title-typehint
                                jcr:primaryType="nt:unstructured"
                                sling:resourceType="granite/ui/components/foundation/form/hidden"
                                name="./showTitle@TypeHint"
                                value="Boolean"/>
                            <show-title-delete
                                jcr:primaryType="nt:unstructured"
                                sling:resourceType="granite/ui/components/foundation/form/hidden"
                                name="./showTitle@Delete"/>
                            <show-thumbnails
                                jcr:primaryType="nt:unstructured"
                                sling:resourceType="granite/ui/components/foundation/form/checkbox"
                                name="./showThumbnails"
                                text="Hide Thumbnails"
                                value="false"/>
                            <show-thumbnails-typehint
                                jcr:primaryType="nt:unstructured"
                                sling:resourceType="granite/ui/components/foundation/form/hidden"
                                name="./showThumbnails@TypeHint"
                                value="Boolean"/>
                            <show-thumbnails-delete
                                jcr:primaryType="nt:unstructured"
                                sling:resourceType="granite/ui/components/foundation/form/hidden"
                                name="./showThumbnails@Delete"/>
                            <show-price
                                jcr:primaryType="nt:unstructured"
                                sling:resourceType="granite/ui/components/foundation/form/checkbox"
                                name="./showPrice"
                                text="Hide Prices"
                                value="false"/>
                            <show-price-typehint
                                jcr:primaryType="nt:unstructured"
                                sling:resourceType="granite/ui/components/foundation/form/hidden"
                                name="./showPrice@TypeHint"
                                value="Boolean"/>
                            <show-price-delete
                                jcr:primaryType="nt:unstructured"
                                sling:resourceType="granite/ui/components/foundation/form/hidden"
                                name="./showPrice@Delete"/>
                            <read-only
                                jcr:primaryType="nt:unstructured"
                                sling:resourceType="granite/ui/components/foundation/form/checkbox"
                                name="./readOnly"
                                text="Make Cart Read-Only"
                                value="true"/>
                            <read-only-delete
                                jcr:primaryType="nt:unstructured"
                                sling:resourceType="granite/ui/components/foundation/form/hidden"
                                name="./readOnly@Delete"/>
                        </items>
                    </column>
                </items>
            </options>
            <labels
                jcr:primaryType="nt:unstructured"
                jcr:title="Labels and Messages"
                sling:resourceType="granite/ui/components/foundation/section">
                <layout
                    jcr:primaryType="nt:unstructured"
                    sling:resourceType="granite/ui/components/foundation/layouts/fixedcolumns"
                    margin="{Boolean}false"/>
                <items jcr:primaryType="nt:unstructured">
                    <column
                        jcr:primaryType="nt:unstructured"
                        sling:resourceType="granite/ui/components/foundation/container">
                        <items jcr:primaryType="nt:unstructured">
                            <title
                                jcr:primaryType="nt:unstructured"
                                sling:resourceType="granite/ui/components/foundation/form/textfield"
                                emptyText="My Cart"
                                fieldLabel="Title"
                                name="./jcr:title"/>
                            <product-label
                                jcr:primaryType="nt:unstructured"
                                sling:resourceType="granite/ui/components/foundation/form/textfield"
                                emptyText="Product"
                                fieldLabel="Product Column"
                                name="./productLabel"/>
                            <quantity-label
                                jcr:primaryType="nt:unstructured"
                                sling:resourceType="granite/ui/components/foundation/form/textfield"
                                emptyText="Quantity"
                                fieldLabel="Quantity Column"
                                name="./quantityLabel"/>
                            <item-price-label
                                jcr:primaryType="nt:unstructured"
                                sling:resourceType="granite/ui/components/foundation/form/textfield"
                                emptyText="Price"
                                fieldLabel="Price Column"
                                name="./itemPriceLabel"/>
                            <empty-message
                                jcr:primaryType="nt:unstructured"
                                sling:resourceType="granite/ui/components/foundation/form/textfield"
                                emptyText="There are no items in your cart."
                                fieldLabel="Empty Cart"
                                name="./emptyCartMessage"/>
                        </items>
                    </column>
                </items>
            </labels>
        </items>
    </content>
</jcr:root>
