<?xml version="1.0" encoding="UTF-8"?>
<jcr:root xmlns:sling="http://sling.apache.org/jcr/sling/1.0" xmlns:jcr="http://www.jcp.org/jcr/1.0" xmlns:nt="http://www.jcp.org/jcr/nt/1.0"
    jcr:primaryType="sling:OrderedFolder">
    <Calgary.jpg/>
    <Edmonton.jpg/>
    <Nunavut_x0020_Orange.jpg/>
    <Nunavut_x0020_Black.jpg/>
    <jcr:content jcr:primaryType="nt:unstructured">
        <folderThumbnail/>
    </jcr:content>
    <Saskatoon_x0020_Purple.jpg/>
    <Saskatoon_x0020_Blue.jpg/>
</jcr:root>
