<?xml version="1.0" encoding="UTF-8"?>
<jcr:root xmlns:cq="http://www.day.com/jcr/cq/1.0" xmlns:jcr="http://www.jcp.org/jcr/1.0" xmlns:nt="http://www.jcp.org/jcr/nt/1.0"
    jcr:primaryType="cq:Dialog"
    activeTab="{Long}0"
    xtype="tabpanel">
    <items jcr:primaryType="cq:WidgetCollection">
        <first
            jcr:primaryType="nt:unstructured"
            title="Address Book"
            xtype="panel">
            <items jcr:primaryType="cq:WidgetCollection">
                <title
                    jcr:primaryType="cq:Widget"
                    fieldLabel="Title"
                    name="./title"
                    xtype="textfield"/>
                <addresstype
                    jcr:primaryType="cq:Widget"
                    fieldLabel="Address Type"
                    name="./addressType"
                    xtype="textfield"/>
                <displayType
                    jcr:primaryType="cq:Widget"
                    defaultValue="all"
                    fieldLabel="Display Type"
                    name="./displayType"
                    type="select"
                    xtype="selection">
                    <options jcr:primaryType="cq:WidgetCollection">
                        <alladdresses
                            jcr:primaryType="nt:unstructured"
                            text="All Addresses"
                            value="all"/>
                        <selectedaddress
                            jcr:primaryType="nt:unstructured"
                            text="Selected Address"
                            value="selected"/>
                    </options>
                </displayType>
                <readOnly
                    jcr:primaryType="cq:Widget"
                    boxLabel="Only show non-editable summary of the selected address"
                    fieldLabel=""
                    inputValue="true"
                    name="./readOnly"
                    xtype="checkbox"/>
                <readOnlyDLT
                    jcr:primaryType="cq:Widget"
                    ignoreData="{Boolean}true"
                    name="./readOnly@Delete"
                    xtype="hidden"/>
                <useFormToSelectAddress
                    jcr:primaryType="cq:Widget"
                    boxLabel="Use a form to select the address"
                    inputValue="true"
                    name="./useFormToSelectAddress"
                    xtype="checkbox"/>
                <useFormToSelectAddressDLT
                    jcr:primaryType="cq:Widget"
                    ignoreData="{Boolean}true"
                    name="./useFormToSelectAddress@Delete"
                    xtype="hidden"/>
            </items>
        </first>
        <second
            jcr:primaryType="nt:unstructured"
            title="Display All Addresses"
            xtype="panel">
            <items jcr:primaryType="cq:WidgetCollection">
                <showbuttons
                    jcr:primaryType="cq:Widget"
                    collapsed="{Boolean}false"
                    collapsible="{Boolean}false"
                    title="Show Buttons"
                    xtype="dialogfieldset">
                    <items jcr:primaryType="cq:WidgetCollection">
                        <showMakeDefaultAdrBtn
                            jcr:primaryType="cq:Widget"
                            boxLabel="Show make-default button"
                            defaultValue="true"
                            inputValue="true"
                            name="./showMakeDefaultAddressButton"
                            xtype="checkbox"/>
                        <showMakeDefaultAdrBtnDLT
                            jcr:primaryType="cq:Widget"
                            ignoreData="{Boolean}true"
                            name="./showMakeDefaultAddressButton@Delete"
                            xtype="hidden"/>
                        <showUseAdrBtn
                            jcr:primaryType="cq:Widget"
                            boxLabel="Show use-address button"
                            defaultValue="true"
                            inputValue="true"
                            name="./showUseAddressButton"
                            xtype="checkbox"/>
                        <showUseAdrBtnDLT
                            jcr:primaryType="cq:Widget"
                            ignoreData="{Boolean}true"
                            name="./showUseAddressButton@Delete"
                            xtype="hidden"/>
                        <showUpdateAdrBtn
                            jcr:primaryType="cq:Widget"
                            boxLabel="Show update-address button"
                            defaultValue="true"
                            inputValue="true"
                            name="./showUpdateAddressButton"
                            xtype="checkbox"/>
                        <showUpdateAdrBtnDLT
                            jcr:primaryType="cq:Widget"
                            ignoreData="{Boolean}true"
                            name="./showUpdateAddressButton@Delete"
                            xtype="hidden"/>
                        <showDeleteAdrBtn
                            jcr:primaryType="cq:Widget"
                            boxLabel="Show delete-address button"
                            defaultValue="true"
                            inputValue="true"
                            name="./showDeleteAddressButton"
                            xtype="checkbox"/>
                        <showDeleteAdrBtnDLT
                            jcr:primaryType="cq:Widget"
                            ignoreData="{Boolean}true"
                            name="./showDeleteAddressButton@Delete"
                            xtype="hidden"/>
                        <showAddAdrBtn
                            jcr:primaryType="cq:Widget"
                            boxLabel="Show add-address button"
                            defaultValue="true"
                            inputValue="true"
                            name="./addAddressButton"
                            xtype="checkbox"/>
                        <showAddAdrBtnDLT
                            jcr:primaryType="cq:Widget"
                            ignoreData="{Boolean}true"
                            name="./addAddressButton@Delete"
                            xtype="hidden"/>
                    </items>
                </showbuttons>
            </items>
        </second>
        <third
            jcr:primaryType="nt:unstructured"
            title="Address Editor"
            xtype="panel">
            <items jcr:primaryType="cq:WidgetCollection">
                <required
                    jcr:primaryType="cq:Widget"
                    fieldLabel="Required"
                    name="./required"
                    type="checkbox"
                    xtype="selection">
                    <options jcr:primaryType="cq:WidgetCollection">
                        <firstname
                            jcr:primaryType="nt:unstructured"
                            text="First Name"
                            value="firstname"/>
                        <lastname
                            jcr:primaryType="nt:unstructured"
                            text="Last Name"
                            value="lastname"/>
                        <street1
                            jcr:primaryType="nt:unstructured"
                            text="Street Address 1"
                            value="street1"/>
                        <street2
                            jcr:primaryType="nt:unstructured"
                            text="Street Address 2"
                            value="street2"/>
                        <city
                            jcr:primaryType="nt:unstructured"
                            text="City"
                            value="city"/>
                        <state
                            jcr:primaryType="nt:unstructured"
                            text="State / Province"
                            value="state"/>
                        <zip
                            jcr:primaryType="nt:unstructured"
                            text="Postal / Zip Code"
                            value="zip"/>
                        <country
                            jcr:primaryType="nt:unstructured"
                            text="Country"
                            value="country"/>
                    </options>
                </required>
            </items>
        </third>
    </items>
</jcr:root>
