<?xml version="1.0" encoding="UTF-8"?>
<jcr:root xmlns:cq="http://www.day.com/jcr/cq/1.0" xmlns:jcr="http://www.jcp.org/jcr/1.0" xmlns:nt="http://www.jcp.org/jcr/nt/1.0"
    jcr:primaryType="cq:Dialog"
    formUrl="/libs/cq/security/preferences/proxy"
    id="cq-userinfo-properties"
    title="User Preferences"
    xtype="dialog">
    <params
        jcr:primaryType="nt:unstructured"
        _charset_="utf-8"/>
    <items jcr:primaryType="cq:WidgetCollection">
        <common jcr:primaryType="cq:Panel">
            <items jcr:primaryType="cq:WidgetCollection">
                <lang
                    jcr:primaryType="cq:Widget"
                    fieldLabel="Language"
                    name="./language"
                    type="select"
                    xtype="selection">
                    <options jcr:primaryType="cq:WidgetCollection">
                        <en
                            jcr:primaryType="nt:unstructured"
                            text_noI18n="English "
                            value="en"/>
                        <de
                            jcr:primaryType="nt:unstructured"
                            text_noI18n="Deutsch"
                            value="de"/>
                        <es
                            jcr:primaryType="nt:unstructured"
                            text_noI18n="Español"
                            value="es"/>
                        <fr
                            jcr:primaryType="nt:unstructured"
                            text_noI18n="Français"
                            value="fr"/>
                        <it
                            jcr:primaryType="nt:unstructured"
                            text_noI18n="Italiano"
                            value="it"/>
                        <pt-br
                            jcr:primaryType="nt:unstructured"
                            text_noI18n="Português (Brasil)"
                            value="pt-br"/>
                        <zh-cn
                            jcr:primaryType="nt:unstructured"
                            text_noI18n="简体中文"
                            value="zh-cn"/>
                        <zh-tw
                            jcr:primaryType="nt:unstructured"
                            text_noI18n="繁體中文"
                            value="zh-tw"/>
                        <ja
                            jcr:primaryType="nt:unstructured"
                            text_noI18n="日本語 "
                            value="ja"/>
                        <ko-kr
                            jcr:primaryType="nt:unstructured"
                            text_noI18n="한국어"
                            value="ko-kr"/>
                        <en_US jcr:primaryType="nt:unstructured"/>
                    </options>
                </lang>
                <winMode
                    jcr:primaryType="cq:Widget"
                    fieldDescription="Allow links to open in new windows or force reuse of the existing one"
                    fieldLabel="Window Management"
                    name="./winMode"
                    type="select"
                    xtype="selection">
                    <options jcr:primaryType="cq:WidgetCollection">
                        <multi
                            jcr:primaryType="nt:unstructured"
                            text="Multiple Windows (Default)"
                            value="multi"/>
                        <single
                            jcr:primaryType="nt:unstructured"
                            text="Single Window"
                            value="single"/>
                    </options>
                </winMode>
                <toolbar
                    jcr:primaryType="cq:Widget"
                    fieldDescription="Show or hide the global editing toolbar"
                    fieldLabel="Editing Toolbar"
                    name="./toolbarDisplay"
                    type="select"
                    xtype="selection">
                    <options jcr:primaryType="cq:WidgetCollection">
                        <ondemand
                            jcr:primaryType="nt:unstructured"
                            text="Show when needed (Default)"
                            value="ondemand"/>
                        <always
                            jcr:primaryType="nt:unstructured"
                            text="Always show"
                            value="always"/>
                        <never
                            jcr:primaryType="nt:unstructured"
                            text="Keep hidden"
                            value="never"/>
                    </options>
                </toolbar>
            </items>
        </common>
    </items>
</jcr:root>
