<?xml version="1.0" encoding="UTF-8"?>
<jcr:root xmlns:sling="http://sling.apache.org/jcr/sling/1.0" xmlns:jcr="http://www.jcp.org/jcr/1.0" xmlns:nt="http://www.jcp.org/jcr/nt/1.0" xmlns:rep="internal"
    jcr:mixinTypes="[rep:AccessControllable,sling:VanityPath]"
    jcr:primaryType="nt:unstructured"
    jcr:title="Adobe&amp;reg; CRX - Sign In"
    sling:resourceType="crx/core/components/login">
    <bground_button.png/>
    <favicon.ico/>
    <login.css/>
    <login.js/>
    <login_ie6.css/>
    <login_mobile.css/>
    <loginbox.png/>
    <rep:policy/>
</jcr:root>
