<?xml version="1.0" encoding="UTF-8"?>
<jcr:root xmlns:sling="http://sling.apache.org/jcr/sling/1.0" xmlns:jcr="http://www.jcp.org/jcr/1.0" xmlns:nt="http://www.jcp.org/jcr/nt/1.0"
    jcr:primaryType="nt:unstructured">
    <features jcr:primaryType="nt:unstructured">
        <crxde
            jcr:description="Develop applications with a web-based IDE"
            jcr:mixinTypes="[sling:Redirect]"
            jcr:primaryType="nt:unstructured"
            jcr:title="CRXDE Lite"
            sling:resourceType="crx/core/components/welcome/feature"
            sling:target="/crx/de/"
            iconPath="/etc/designs/crx/welcome/crx/crxdelite1.png"
            iconPath2="/etc/designs/crx/welcome/crx/crxdelite2.png"/>
        <packages
            jcr:description="Package and share applications"
            jcr:mixinTypes="[sling:Redirect]"
            jcr:primaryType="nt:unstructured"
            jcr:title="Packages"
            sling:resourceType="crx/core/components/welcome/feature"
            sling:target="/crx/packmgr/"
            iconPath="/etc/designs/crx/welcome/crx/packmgr1.png"
            iconPath2="/etc/designs/crx/welcome/crx/packmgr2.png"/>
        <share
            jcr:description="Download applications from Adobe and the community"
            jcr:mixinTypes="[sling:Redirect]"
            jcr:primaryType="nt:unstructured"
            jcr:title="Package Share"
            sling:resourceType="crx/core/components/welcome/feature"
            sling:target="/crx/packageshare/"
            iconPath="/etc/designs/crx/welcome/crx/packshare1.png"
            iconPath2="/etc/designs/crx/welcome/crx/packshare2.png"/>
        <security
            jcr:description="Manage users and groups"
            jcr:mixinTypes="[sling:Redirect]"
            jcr:primaryType="nt:unstructured"
            jcr:title="Security"
            sling:resourceType="crx/core/components/welcome/feature"
            sling:target="/libs/granite/security/content/admin.html"
            iconPath="/etc/designs/crx/welcome/crx/security1.png"
            iconPath2="/etc/designs/crx/welcome/crx/security2.png"/>
        <cluster
            jcr:description="Manage clustered deployments"
            jcr:mixinTypes="[sling:Redirect]"
            jcr:primaryType="nt:unstructured"
            jcr:title="Clustering"
            sling:resourceType="crx/core/components/welcome/feature"
            sling:target="/libs/granite/cluster/content/admin.html"
            iconPath="/etc/designs/crx/welcome/crx/clustering1.png"
            iconPath2="/etc/designs/crx/welcome/crx/clustering2.png"/>
        <backup
            jcr:description="Carry out backup tasks"
            jcr:mixinTypes="[sling:Redirect]"
            jcr:primaryType="nt:unstructured"
            jcr:title="Backup"
            sling:resourceType="crx/core/components/welcome/feature"
            sling:target="/libs/granite/backup/content/admin.html"
            iconPath="/etc/designs/crx/welcome/crx/backup1.png"
            iconPath2="/etc/designs/crx/welcome/crx/backup2.png"/>
    </features>
    <tools jcr:primaryType="nt:unstructured">
        <replication
            jcr:description="Configure and manage replication"
            jcr:mixinTypes="[sling:Redirect]"
            jcr:primaryType="nt:unstructured"
            jcr:title="Replication"
            sling:resourceType="crx/core/components/welcome/tool"
            sling:target="/libs/granite/replication/content/admin.html"/>
        <config
            jcr:description="Configure and manage the application platform"
            jcr:mixinTypes="[sling:Redirect]"
            jcr:primaryType="nt:unstructured"
            jcr:title="OSGi Console"
            sling:resourceType="crx/core/components/welcome/tool"
            sling:target="/system/console/configMgr"/>
    </tools>
    <resources jcr:primaryType="nt:unstructured">
        <docs
            jcr:description="View CRX documentation"
            jcr:mixinTypes="[sling:Redirect]"
            jcr:primaryType="nt:unstructured"
            jcr:title="Documentation"
            sling:resourceType="crx/core/components/welcome/resource"
            sling:target="http://docs.day.com/"/>
        <dev
            jcr:description="Developer resources and downloads"
            jcr:mixinTypes="[sling:Redirect]"
            jcr:primaryType="nt:unstructured"
            jcr:title="Developer Resources"
            sling:resourceType="crx/core/components/welcome/resource"
            sling:target="http://dev.day.com/"/>
    </resources>
    <subnavs jcr:primaryType="nt:unstructured">
        <updates
            jcr:description="Get the latest versions of your packages"
            jcr:mixinTypes="[sling:Redirect]"
            jcr:primaryType="nt:unstructured"
            jcr:title="Updates"
            sling:resourceType="crx/core/components/welcome/subnav"
            sling:target="/crx/packageshare/index.html/packageshare/tools/updates.html"/>
        <community
            jcr:mixinTypes="[sling:Redirect]"
            jcr:primaryType="nt:unstructured"
            jcr:title="Community"
            sling:resourceType="crx/core/components/welcome/subnav"
            sling:target="http://forums.adobe.com/"/>
        <help
            jcr:mixinTypes="[sling:Redirect]"
            jcr:primaryType="nt:unstructured"
            jcr:title="Help"
            sling:resourceType="crx/core/components/welcome/subnav"
            sling:target="http://www.adobe.com/support/"/>
    </subnavs>
</jcr:root>
