<?xml version="1.0" encoding="UTF-8"?>
<jcr:root xmlns:sling="http://sling.apache.org/jcr/sling/1.0" xmlns:jcr="http://www.jcp.org/jcr/1.0" xmlns:nt="http://www.jcp.org/jcr/nt/1.0"
    jcr:primaryType="sling:OrderedFolder">
    <Kamloops.jpg/>
    <Banff.jpg/>
    <Tobermory.jpg/>
    <Interlaken.jpg/>
    <jcr:content jcr:primaryType="nt:unstructured">
        <folderThumbnail/>
    </jcr:content>
    <Mombassa_x0020_Pink.jpg/>
    <Mombassa_x0020_Purple.jpg/>
    <Nairobi_x0020_Blue.jpg/>
    <Nairobi_x0020_Pink.jpg/>
    <Nairobi_x0020_Green.jpg/>
</jcr:root>
