<?xml version="1.0" encoding="UTF-8"?>
<jcr:root xmlns:sling="http://sling.apache.org/jcr/sling/1.0" xmlns:cq="http://www.day.com/jcr/cq/1.0" xmlns:jcr="http://www.jcp.org/jcr/1.0" xmlns:nt="http://www.jcp.org/jcr/nt/1.0"
    jcr:primaryType="cq:Page">
    <jcr:content
        cq:lastModified="{Date}2012-12-07T16:53:34.088-08:00"
        cq:lastModifiedBy="admin"
        cq:template="/apps/geometrixx-outdoors/templates/page_sidebar"
        jcr:primaryType="cq:PageContent"
        jcr:title="Community"
        sling:resourceType="/apps/geometrixx-outdoors/components/page_communities">
        <par
            jcr:primaryType="nt:unstructured"
            sling:resourceType="foundation/components/parsys">
            <communities
                jcr:created="{Date}2012-11-20T17:58:33.311+01:00"
                jcr:createdBy="admin"
                jcr:lastModified="{Date}2012-11-20T17:58:33.311+01:00"
                jcr:lastModifiedBy="admin"
                jcr:primaryType="nt:unstructured"
                sling:resourceType="geometrixx-outdoors/components/social/communities"/>
        </par>
        <sidebar
            jcr:lastModified="{Date}2012-11-20T18:27:48.765+01:00"
            jcr:lastModifiedBy="admin"
            jcr:primaryType="nt:unstructured"
            sling:resourceType="foundation/components/iparsys"
            inheritance="cancel">
            <title_66f0
                jcr:created="{Date}2012-11-20T16:31:50.242+01:00"
                jcr:createdBy="admin"
                jcr:lastModified="{Date}2012-11-23T11:49:59.804+01:00"
                jcr:lastModifiedBy="admin"
                jcr:primaryType="nt:unstructured"
                jcr:title="You’re the expert"
                sling:resourceType="geometrixx/components/title"/>
            <text_f529
                jcr:created="{Date}2012-11-20T16:11:22.583+01:00"
                jcr:createdBy="admin"
                jcr:lastModified="{Date}2012-11-23T11:51:10.837+01:00"
                jcr:lastModifiedBy="admin"
                jcr:primaryType="nt:unstructured"
                sling:resourceType="foundation/components/text"
                text="&lt;p>Thanks for stopping by the outdoor communities, hosted by Geometrixx. Not only do we appreciate your passion for adventure, we also want to hear all about it. Our communities bring people together - everyone from avid enthusiasts to die-hards - to discuss all the popular outdoor sports you love to participate in, the gear it takes to make it happen, and the best places on the planet to get it done. In addition to creating your own profile and checking out all the existing communities, please feel free to create your own community, set up a calendar, and hopefully make some new friends. &amp;nbsp;&lt;/p>&#xa;&lt;p>We look forward to hearing from you! &amp;nbsp;&amp;nbsp;&lt;/p>&#xa;"
                textIsRich="true"/>
            <textimage_81f4
                jcr:created="{Date}2012-11-20T16:12:13.516+01:00"
                jcr:createdBy="admin"
                jcr:lastModified="{Date}2012-11-20T16:12:54.059+01:00"
                jcr:lastModifiedBy="admin"
                jcr:primaryType="nt:unstructured"
                sling:resourceType="foundation/components/textimage"
                text="&lt;h3>Sean Smith&lt;/h3>&lt;span>&lt;strong>Community Manager&lt;/strong>&lt;br>Geometrixx Outdoors&lt;/span>"
                textIsRich="true">
                <image
                    jcr:lastModified="{Date}2012-11-20T16:12:54.059+01:00"
                    jcr:lastModifiedBy="admin"
                    jcr:primaryType="nt:unstructured"
                    sling:resourceType="foundation/components/image"
                    fileReference="/content/dam/geometrixx-outdoors/articles/layer-it-on.jpg"
                    height="100"
                    imageRotate="0"
                    width="100"/>
            </textimage_81f4>
            <iparsys_fake_par
                jcr:primaryType="nt:unstructured"
                sling:resourceType="foundation/components/iparsys/par"/>
        </sidebar>
        <toggle
            jcr:created="{Date}2010-11-30T09:53:36.661+01:00"
            jcr:createdBy="admin"
            jcr:lastModified="{Date}2012-09-21T09:25:54.422-07:00"
            jcr:lastModifiedBy="admin"
            jcr:primaryType="nt:unstructured"
            sling:resourceType="social/commons/components/toggle"
            confirmationMessageToggle="&lt;p>Your request have been successfully sent.&lt;br>&#xa;&lt;/p>&#xa;"
            confirmationMessageUntoggle="&lt;p>Your request have been successfully sent.&lt;br>&#xa;&lt;/p>&#xa;"
            stateProvider="/libs/social/group/components/stateproviders/join"
            toggleLabel="Leave"
            toggleWorkflowModel="/etc/workflow/models/social/group/join-community/jcr:content/model"
            transitionLabel="Leave/Join in progress"
            untoggleLabel="Join"
            untoggleWorkflowModel="/etc/workflow/models/social/group/leave-community/jcr:content/model"/>
        <campaign-banner
            jcr:primaryType="nt:unstructured"
            sling:resourceType="foundation/components/parsys">
            <image_6644
                jcr:created="{Date}2012-11-20T16:49:51.021+01:00"
                jcr:createdBy="admin"
                jcr:lastModified="{Date}2012-11-20T16:50:20.386+01:00"
                jcr:lastModifiedBy="admin"
                jcr:primaryType="nt:unstructured"
                jcr:title="Geometrixx"
                sling:resourceType="foundation/components/image"
                alt="Geometrixx"
                imageRotate="0">
                <file/>
            </image_6644>
        </campaign-banner>
    </jcr:content>
    <editcommunity/>
    <invite/>
    <newcommunity/>
    <hiking/>
    <winter-sports/>
    <running/>
    <surfing/>
</jcr:root>
